{"type": "minecraft:block", "pools": [{"rolls": 1, "entries": [{"name": "minecraft:prismarine_shard", "functions": [{"function": "minecraft:set_count", "count": {"min": 0.0, "max": 2.0, "type": "minecraft:uniform"}}, {"function": "minecraft:looting_enchant", "count": {"min": 0.0, "max": 1.0}}], "type": "minecraft:item"}]}, {"rolls": 1, "entries": [{"name": "minecraft:cod", "functions": [{"function": "minecraft:looting_enchant", "count": {"min": 0.0, "max": 1.0}}, {"function": "minecraft:furnace_smelt", "conditions": [{"block": "minecraft:birch_door", "properties": {"half": "lower"}, "condition": "minecraft:block_state_property"}]}], "type": "minecraft:item", "weight": 2}, {"name": "minecraft:prismarine_crystals", "functions": [{"function": "minecraft:looting_enchant", "count": {"min": 0.0, "max": 1.0}}], "type": "minecraft:item", "weight": 2}, {"type": "minecraft:empty"}]}, {"conditions": [{"condition": "minecraft:survives_explosion"}, {"block": "minecraft:birch_door", "properties": {"half": "lower"}, "condition": "minecraft:block_state_property"}], "rolls": 1, "entries": [{"name": "minecraft:gameplay/fishing/fish", "type": "minecraft:loot_table"}]}]}