{"type": "minecraft:block", "pools": [{"rolls": 1, "entries": [{"name": "minecraft:rotten_flesh", "functions": [{"function": "minecraft:set_count", "count": {"min": 0.0, "max": 1.0, "type": "minecraft:uniform"}}, {"function": "minecraft:looting_enchant", "count": {"min": 0.0, "max": 1.0}}], "type": "minecraft:item"}]}, {"rolls": 1, "entries": [{"name": "minecraft:gold_nugget", "functions": [{"function": "minecraft:set_count", "count": {"min": 0.0, "max": 1.0, "type": "minecraft:uniform"}}, {"function": "minecraft:looting_enchant", "count": {"min": 0.0, "max": 1.0}}], "type": "minecraft:item"}]}, {"conditions": [{"condition": "minecraft:survives_explosion"}, {"condition": "minecraft:survives_explosion"}], "rolls": 1, "entries": [{"name": "minecraft:gold_ingot", "type": "minecraft:item"}]}]}