{"type": "minecraft:block", "pools": [{"rolls": {"min": 3, "max": 8, "type": "minecraft:uniform"}, "entries": [{"name": "minecraft:gold_nugget", "functions": [{"function": "minecraft:set_count", "count": {"min": 1.0, "max": 3.0, "type": "minecraft:uniform"}}], "type": "minecraft:item"}, {"name": "minecraft:grass", "type": "minecraft:item", "weight": 5}, {"name": "minecraft:tall_grass", "type": "minecraft:item", "weight": 5}, {"name": "minecraft:bread", "functions": [{"function": "minecraft:set_count", "count": {"min": 1.0, "max": 4.0, "type": "minecraft:uniform"}}], "type": "minecraft:item", "weight": 10}, {"name": "minecraft:wheat_seeds", "functions": [{"function": "minecraft:set_count", "count": {"min": 1.0, "max": 5.0, "type": "minecraft:uniform"}}], "type": "minecraft:item", "weight": 10}, {"name": "minecraft:emerald", "functions": [{"function": "minecraft:set_count", "count": {"min": 1.0, "max": 4.0, "type": "minecraft:uniform"}}], "type": "minecraft:item", "weight": 2}, {"name": "minecraft:acacia_sapling", "functions": [{"function": "minecraft:set_count", "count": {"min": 1.0, "max": 2.0, "type": "minecraft:uniform"}}], "type": "minecraft:item", "weight": 10}, {"name": "minecraft:saddle", "type": "minecraft:item"}, {"name": "minecraft:torch", "functions": [{"function": "minecraft:set_count", "count": {"min": 1.0, "max": 2.0, "type": "minecraft:uniform"}}], "type": "minecraft:item"}, {"name": "minecraft:bucket", "type": "minecraft:item"}]}]}