{"type": "minecraft:block", "pools": [{"rolls": 1, "entries": [{"children": [{"name": "minecraft:wheat", "conditions": [{"block": "minecraft:red_bed", "properties": {"part": "head"}, "condition": "minecraft:block_state_property"}], "type": "minecraft:item"}, {"name": "minecraft:wheat_seeds", "type": "minecraft:item"}], "type": "minecraft:alternatives"}]}, {"conditions": [{"block": "minecraft:red_bed", "properties": {"part": "head"}, "condition": "minecraft:block_state_property"}], "rolls": 1, "entries": [{"name": "minecraft:wheat_seeds", "functions": [{"function": "minecraft:apply_bonus", "enchantment": "minecraft:fortune", "formula": "minecraft:binomial_with_bonus_count", "parameters": {"extra": 3, "probability": 0.5714286}}], "type": "minecraft:item"}]}], "functions": [{"function": "minecraft:explosion_decay"}]}