{"type": "minecraft:block", "pools": [{"rolls": {"min": 3, "max": 10, "type": "minecraft:uniform"}, "entries": [{"name": "minecraft:paper", "functions": [{"function": "minecraft:set_count", "count": {"min": 1.0, "max": 12.0, "type": "minecraft:uniform"}}], "type": "minecraft:item", "weight": 8}, {"name": "minecraft:potato", "functions": [{"function": "minecraft:set_count", "count": {"min": 2.0, "max": 6.0, "type": "minecraft:uniform"}}], "type": "minecraft:item", "weight": 7}, {"name": "minecraft:poisonous_potato", "functions": [{"function": "minecraft:set_count", "count": {"min": 2.0, "max": 6.0, "type": "minecraft:uniform"}}], "type": "minecraft:item", "weight": 7}, {"name": "minecraft:carrot", "functions": [{"function": "minecraft:set_count", "count": {"min": 4.0, "max": 8.0, "type": "minecraft:uniform"}}], "type": "minecraft:item", "weight": 7}, {"name": "minecraft:wheat", "functions": [{"function": "minecraft:set_count", "count": {"min": 8.0, "max": 21.0, "type": "minecraft:uniform"}}], "type": "minecraft:item", "weight": 7}, {"name": "minecraft:suspicious_stew", "functions": [{"function": "minecraft:set_stew_effect", "effects": [{"type": "minecraft:weakness", "duration": {"min": 6.0, "max": 8.0}}, {"type": "minecraft:blindness", "duration": {"min": 5.0, "max": 7.0}}, {"type": "minecraft:saturation", "duration": {"min": 7.0, "max": 10.0}}, {"type": "minecraft:night_vision", "duration": {"min": 7.0, "max": 10.0}}, {"type": "minecraft:jump_boost", "duration": {"min": 7.0, "max": 10.0}}, {"type": "minecraft:poison", "duration": {"min": 10.0, "max": 20.0}}]}], "type": "minecraft:item", "weight": 10}, {"name": "minecraft:coal", "functions": [{"function": "minecraft:set_count", "count": {"min": 2.0, "max": 8.0, "type": "minecraft:uniform"}}], "type": "minecraft:item", "weight": 6}, {"name": "minecraft:rotten_flesh", "functions": [{"function": "minecraft:set_count", "count": {"min": 5.0, "max": 24.0, "type": "minecraft:uniform"}}], "type": "minecraft:item", "weight": 5}, {"name": "minecraft:pumpkin", "functions": [{"function": "minecraft:set_count", "count": {"min": 1.0, "max": 3.0, "type": "minecraft:uniform"}}], "type": "minecraft:item", "weight": 2}, {"name": "minecraft:bamboo", "functions": [{"function": "minecraft:set_count", "count": {"min": 1.0, "max": 3.0, "type": "minecraft:uniform"}}], "type": "minecraft:item", "weight": 2}, {"name": "minecraft:gunpowder", "functions": [{"function": "minecraft:set_count", "count": {"min": 1.0, "max": 5.0, "type": "minecraft:uniform"}}], "type": "minecraft:item", "weight": 3}, {"name": "minecraft:tnt", "functions": [{"function": "minecraft:set_count", "count": {"min": 1.0, "max": 2.0, "type": "minecraft:uniform"}}], "type": "minecraft:item"}, {"name": "minecraft:leather_helmet", "functions": [{"function": "minecraft:enchant_randomly"}], "type": "minecraft:item", "weight": 3}, {"name": "minecraft:leather_chestplate", "functions": [{"function": "minecraft:enchant_randomly"}], "type": "minecraft:item", "weight": 3}, {"name": "minecraft:leather_leggings", "functions": [{"function": "minecraft:enchant_randomly"}], "type": "minecraft:item", "weight": 3}, {"name": "minecraft:leather_boots", "functions": [{"function": "minecraft:enchant_randomly"}], "type": "minecraft:item", "weight": 3}]}]}