{"type": "minecraft:block", "pools": [{"rolls": 1, "entries": [{"children": [{"name": "minecraft:brown_mushroom_block", "conditions": [{"predicate": {"enchantments": [{"enchantment": "minecraft:silk_touch", "levels": {"min": 1}}]}, "condition": "minecraft:match_tool"}], "type": "minecraft:item"}, {"name": "minecraft:brown_mushroom", "functions": [{"function": "minecraft:set_count", "count": {"min": -6.0, "max": 2.0, "type": "minecraft:uniform"}}, {"function": "minecraft:limit_count", "limit": {"min": 0}}, {"function": "minecraft:explosion_decay"}], "type": "minecraft:item"}], "type": "minecraft:alternatives"}]}]}