{"type": "minecraft:block", "pools": [{"rolls": 1, "entries": [{"name": "minecraft:totem_of_undying", "type": "minecraft:item"}]}, {"conditions": [{"block": "minecraft:quartz_slab", "properties": {"type": "double"}, "condition": "minecraft:block_state_property"}], "rolls": 1, "entries": [{"name": "minecraft:emerald", "functions": [{"function": "minecraft:set_count", "count": {"min": 0.0, "max": 1.0, "type": "minecraft:uniform"}}, {"function": "minecraft:looting_enchant", "count": {"min": 0.0, "max": 1.0}}], "type": "minecraft:item"}]}]}