{"type": "minecraft:block", "pools": [{"rolls": {"min": 1, "max": 5, "type": "minecraft:uniform"}, "entries": [{"name": "minecraft:clay_ball", "functions": [{"function": "minecraft:set_count", "count": {"min": 1.0, "max": 3.0, "type": "minecraft:uniform"}}], "type": "minecraft:item"}, {"name": "minecraft:flower_pot", "type": "minecraft:item"}, {"name": "minecraft:stone", "type": "minecraft:item", "weight": 2}, {"name": "minecraft:stone_bricks", "type": "minecraft:item", "weight": 2}, {"name": "minecraft:bread", "functions": [{"function": "minecraft:set_count", "count": {"min": 1.0, "max": 4.0, "type": "minecraft:uniform"}}], "type": "minecraft:item", "weight": 4}, {"name": "minecraft:yellow_dye", "type": "minecraft:item"}, {"name": "minecraft:smooth_stone", "type": "minecraft:item"}, {"name": "minecraft:emerald", "type": "minecraft:item"}]}]}