{"type": "minecraft:block", "pools": [{"rolls": 1, "entries": [{"name": "minecraft:arrow", "functions": [{"function": "minecraft:set_count", "count": {"min": 0.0, "max": 2.0, "type": "minecraft:uniform"}}, {"function": "minecraft:looting_enchant", "count": {"min": 0.0, "max": 1.0}}], "type": "minecraft:item"}]}, {"rolls": 1, "entries": [{"name": "minecraft:bone", "functions": [{"function": "minecraft:set_count", "count": {"min": 0.0, "max": 2.0, "type": "minecraft:uniform"}}, {"function": "minecraft:looting_enchant", "count": {"min": 0.0, "max": 1.0}}], "type": "minecraft:item"}]}, {"conditions": [{"predicate": {"enchantments": [{"enchantment": "minecraft:silk_touch", "levels": {"min": 1}}]}, "condition": "minecraft:match_tool"}], "rolls": 1, "entries": [{"name": "minecraft:tipped_arrow", "functions": [{"function": "minecraft:set_count", "count": {"min": 0.0, "max": 1.0, "type": "minecraft:uniform"}}, {"function": "minecraft:looting_enchant", "count": {"min": 0.0, "max": 1.0}, "limit": 1}, {"function": "minecraft:set_nbt", "tag": "{Potion:\"minecraft:slowness\"}"}], "type": "minecraft:item"}]}]}