{"type": "minecraft:block", "pools": [{"rolls": 1, "entries": [{"children": [{"name": "minecraft:jungle_leaves", "conditions": [{"terms": [{"predicate": {"item": "minecraft:shears"}, "condition": "minecraft:match_tool"}, {"predicate": {"enchantments": [{"enchantment": "minecraft:silk_touch", "levels": {"min": 1}}]}, "condition": "minecraft:match_tool"}], "condition": "minecraft:alternative"}], "type": "minecraft:item"}, {"name": "minecraft:jungle_sapling", "conditions": [{"condition": "minecraft:survives_explosion"}, {"condition": "minecraft:table_bonus", "enchantment": "minecraft:fortune", "chances": [0.025, 0.027777778, 0.03125, 0.041666668, 0.1]}], "type": "minecraft:item"}], "type": "minecraft:alternatives"}]}, {"conditions": [{"term": {"terms": [{"predicate": {"item": "minecraft:shears"}, "condition": "minecraft:match_tool"}, {"predicate": {"enchantments": [{"enchantment": "minecraft:silk_touch", "levels": {"min": 1}}]}, "condition": "minecraft:match_tool"}], "condition": "minecraft:alternative"}, "condition": "minecraft:inverted"}], "rolls": 1, "entries": [{"name": "minecraft:stick", "functions": [{"function": "minecraft:set_count", "count": {"min": 1.0, "max": 2.0, "type": "minecraft:uniform"}}, {"function": "minecraft:explosion_decay"}], "conditions": [{"condition": "minecraft:table_bonus", "enchantment": "minecraft:fortune", "chances": [0.02, 0.022222223, 0.025, 0.033333335, 0.1]}], "type": "minecraft:item"}]}]}