{"type": "minecraft:block", "pools": [{"rolls": 1, "entries": [{"name": "minecraft:pumpkin_seeds", "functions": [{"function": "minecraft:set_count", "conditions": [{"predicate": {"enchantments": [{"enchantment": "minecraft:silk_touch", "levels": {"min": 1}}]}, "condition": "minecraft:match_tool"}], "count": {"n": 3, "p": 0.06666667, "type": "minecraft:binomial"}}, {"function": "minecraft:set_count", "conditions": [{"term": {"terms": [{"predicate": {"item": "minecraft:shears"}, "condition": "minecraft:match_tool"}, {"predicate": {"enchantments": [{"enchantment": "minecraft:silk_touch", "levels": {"min": 1}}]}, "condition": "minecraft:match_tool"}], "condition": "minecraft:alternative"}, "condition": "minecraft:inverted"}], "count": {"n": 3, "p": 0.13333334, "type": "minecraft:binomial"}}, {"function": "minecraft:set_count", "conditions": [{"predicate": {"item": "minecraft:shears"}, "condition": "minecraft:match_tool"}], "count": {"n": 3, "p": 0.2, "type": "minecraft:binomial"}}, {"function": "minecraft:set_count", "conditions": [{"terms": [{"predicate": {"item": "minecraft:shears"}, "condition": "minecraft:match_tool"}, {"predicate": {"enchantments": [{"enchantment": "minecraft:silk_touch", "levels": {"min": 1}}]}, "condition": "minecraft:match_tool"}], "condition": "minecraft:alternative"}], "count": {"n": 3, "p": 0.26666668, "type": "minecraft:binomial"}}, {"function": "minecraft:set_count", "conditions": [{"condition": "minecraft:survives_explosion"}], "count": {"n": 3, "p": 0.33333334, "type": "minecraft:binomial"}}, {"function": "minecraft:set_count", "conditions": [{"condition": "minecraft:table_bonus", "enchantment": "minecraft:fortune", "chances": [0.02, 0.022222223, 0.025, 0.033333335, 0.1]}], "count": {"n": 3, "p": 0.4, "type": "minecraft:binomial"}}, {"function": "minecraft:set_count", "conditions": [{"terms": [{"predicate": {"item": "minecraft:shears"}, "condition": "minecraft:match_tool"}, {"predicate": {"enchantments": [{"enchantment": "minecraft:silk_touch", "levels": {"min": 1}}]}, "condition": "minecraft:match_tool"}], "condition": "minecraft:alternative"}], "count": {"n": 3, "p": 0.46666667, "type": "minecraft:binomial"}}, {"function": "minecraft:set_count", "conditions": [{"condition": "minecraft:table_bonus", "enchantment": "minecraft:fortune", "chances": [0.05, 0.0625, 0.083333336, 0.1]}], "count": {"n": 3, "p": 0.53333336, "type": "minecraft:binomial"}}], "type": "minecraft:item"}], "functions": [{"function": "minecraft:explosion_decay"}]}]}