{"type": "minecraft:block", "pools": [{"rolls": 1, "entries": [{"name": "minecraft:totem_of_undying", "type": "minecraft:item"}]}, {"conditions": [{"condition": "minecraft:table_bonus", "enchantment": "minecraft:fortune", "chances": [0.1, 0.14285715, 0.25, 1.0]}], "rolls": 1, "entries": [{"name": "minecraft:emerald", "functions": [{"function": "minecraft:set_count", "count": {"min": 0.0, "max": 1.0, "type": "minecraft:uniform"}}, {"function": "minecraft:looting_enchant", "count": {"min": 0.0, "max": 1.0}}], "type": "minecraft:item"}]}]}