{"type": "minecraft:block", "pools": [{"rolls": 1, "entries": [{"name": "minecraft:arrow", "type": "minecraft:item", "weight": 26}, {"name": "minecraft:tipped_arrow", "functions": [{"function": "minecraft:set_count", "count": {"min": 0.0, "max": 1.0, "type": "minecraft:uniform"}}, {"function": "minecraft:set_nbt", "tag": "{Potion:\"minecraft:swiftness\"}"}], "type": "minecraft:item"}, {"name": "minecraft:tipped_arrow", "functions": [{"function": "minecraft:set_count", "count": {"min": 0.0, "max": 1.0, "type": "minecraft:uniform"}}, {"function": "minecraft:set_nbt", "tag": "{Potion:\"minecraft:slowness\"}"}], "type": "minecraft:item"}, {"name": "minecraft:tipped_arrow", "functions": [{"function": "minecraft:set_count", "count": {"min": 0.0, "max": 1.0, "type": "minecraft:uniform"}}, {"function": "minecraft:set_nbt", "tag": "{Potion:\"minecraft:strength\"}"}], "type": "minecraft:item"}, {"name": "minecraft:tipped_arrow", "functions": [{"function": "minecraft:set_count", "count": {"min": 0.0, "max": 1.0, "type": "minecraft:uniform"}}, {"function": "minecraft:set_nbt", "tag": "{Potion:\"minecraft:healing\"}"}], "type": "minecraft:item"}, {"name": "minecraft:tipped_arrow", "functions": [{"function": "minecraft:set_count", "count": {"min": 0.0, "max": 1.0, "type": "minecraft:uniform"}}, {"function": "minecraft:set_nbt", "tag": "{Potion:\"minecraft:harming\"}"}], "type": "minecraft:item"}, {"name": "minecraft:tipped_arrow", "functions": [{"function": "minecraft:set_count", "count": {"min": 0.0, "max": 1.0, "type": "minecraft:uniform"}}, {"function": "minecraft:set_nbt", "tag": "{Potion:\"minecraft:leaping\"}"}], "type": "minecraft:item"}, {"name": "minecraft:tipped_arrow", "functions": [{"function": "minecraft:set_count", "count": {"min": 0.0, "max": 1.0, "type": "minecraft:uniform"}}, {"function": "minecraft:set_nbt", "tag": "{Potion:\"minecraft:regeneration\"}"}], "type": "minecraft:item"}, {"name": "minecraft:tipped_arrow", "functions": [{"function": "minecraft:set_count", "count": {"min": 0.0, "max": 1.0, "type": "minecraft:uniform"}}, {"function": "minecraft:set_nbt", "tag": "{Potion:\"minecraft:fire_resistance\"}"}], "type": "minecraft:item"}, {"name": "minecraft:tipped_arrow", "functions": [{"function": "minecraft:set_count", "count": {"min": 0.0, "max": 1.0, "type": "minecraft:uniform"}}, {"function": "minecraft:set_nbt", "tag": "{Potion:\"minecraft:water_breathing\"}"}], "type": "minecraft:item"}, {"name": "minecraft:tipped_arrow", "functions": [{"function": "minecraft:set_count", "count": {"min": 0.0, "max": 1.0, "type": "minecraft:uniform"}}, {"function": "minecraft:set_nbt", "tag": "{Potion:\"minecraft:invisibility\"}"}], "type": "minecraft:item"}, {"name": "minecraft:tipped_arrow", "functions": [{"function": "minecraft:set_count", "count": {"min": 0.0, "max": 1.0, "type": "minecraft:uniform"}}, {"function": "minecraft:set_nbt", "tag": "{Potion:\"minecraft:night_vision\"}"}], "type": "minecraft:item"}, {"name": "minecraft:tipped_arrow", "functions": [{"function": "minecraft:set_count", "count": {"min": 0.0, "max": 1.0, "type": "minecraft:uniform"}}, {"function": "minecraft:set_nbt", "tag": "{Potion:\"minecraft:weakness\"}"}], "type": "minecraft:item"}, {"name": "minecraft:tipped_arrow", "functions": [{"function": "minecraft:set_count", "count": {"min": 0.0, "max": 1.0, "type": "minecraft:uniform"}}, {"function": "minecraft:set_nbt", "tag": "{Potion:\"minecraft:poison\"}"}], "type": "minecraft:item"}]}]}