{"type": "minecraft:block", "pools": [{"rolls": 1, "entries": [{"name": "minecraft:gunpowder", "functions": [{"function": "minecraft:set_count", "count": {"min": 0.0, "max": 2.0, "type": "minecraft:uniform"}}, {"function": "minecraft:looting_enchant", "count": {"min": 0.0, "max": 1.0}}], "type": "minecraft:item"}]}, {"conditions": [{"block": "minecraft:jungle_door", "properties": {"half": "lower"}, "condition": "minecraft:block_state_property"}], "rolls": 1, "entries": [{"name": "minecraft:music_discs", "expand": true, "type": "minecraft:tag"}]}]}