{"type": "minecraft:block", "pools": [{"rolls": {"min": 1, "max": 5, "type": "minecraft:uniform"}, "entries": [{"name": "minecraft:iron_ingot", "functions": [{"function": "minecraft:set_count", "count": {"min": 1.0, "max": 3.0, "type": "minecraft:uniform"}}], "type": "minecraft:item", "weight": 2}, {"name": "minecraft:bread", "functions": [{"function": "minecraft:set_count", "count": {"min": 1.0, "max": 4.0, "type": "minecraft:uniform"}}], "type": "minecraft:item", "weight": 4}, {"name": "minecraft:iron_helmet", "type": "minecraft:item"}, {"name": "minecraft:emerald", "type": "minecraft:item"}]}]}