{"type": "minecraft:block", "pools": [{"rolls": {"min": 1, "max": 5, "type": "minecraft:uniform"}, "entries": [{"name": "minecraft:white_wool", "functions": [{"function": "minecraft:set_count", "count": {"min": 1.0, "max": 8.0, "type": "minecraft:uniform"}}], "type": "minecraft:item", "weight": 6}, {"name": "minecraft:black_wool", "functions": [{"function": "minecraft:set_count", "count": {"min": 1.0, "max": 3.0, "type": "minecraft:uniform"}}], "type": "minecraft:item", "weight": 3}, {"name": "minecraft:gray_wool", "functions": [{"function": "minecraft:set_count", "count": {"min": 1.0, "max": 3.0, "type": "minecraft:uniform"}}], "type": "minecraft:item", "weight": 2}, {"name": "minecraft:brown_wool", "functions": [{"function": "minecraft:set_count", "count": {"min": 1.0, "max": 3.0, "type": "minecraft:uniform"}}], "type": "minecraft:item", "weight": 2}, {"name": "minecraft:light_gray_wool", "functions": [{"function": "minecraft:set_count", "count": {"min": 1.0, "max": 3.0, "type": "minecraft:uniform"}}], "type": "minecraft:item", "weight": 2}, {"name": "minecraft:emerald", "type": "minecraft:item"}, {"name": "minecraft:shears", "type": "minecraft:item"}, {"name": "minecraft:wheat", "functions": [{"function": "minecraft:set_count", "count": {"min": 1.0, "max": 6.0, "type": "minecraft:uniform"}}], "type": "minecraft:item", "weight": 6}]}]}