{"type": "minecraft:block", "pools": [{"rolls": 1, "entries": [{"name": "minecraft:end_stone_brick_slab", "functions": [{"function": "minecraft:set_count", "conditions": [{"term": {"terms": [{"predicate": {"item": "minecraft:shears"}, "condition": "minecraft:match_tool"}, {"predicate": {"enchantments": [{"enchantment": "minecraft:silk_touch", "levels": {"min": 1}}]}, "condition": "minecraft:match_tool"}], "condition": "minecraft:alternative"}, "condition": "minecraft:inverted"}], "count": 2}, {"function": "minecraft:explosion_decay"}], "type": "minecraft:item"}]}]}