{"type": "minecraft:block", "pools": [{"rolls": 1, "entries": [{"name": "minecraft:string", "functions": [{"function": "minecraft:set_count", "count": {"min": 0.0, "max": 2.0, "type": "minecraft:uniform"}}, {"function": "minecraft:looting_enchant", "count": {"min": 0.0, "max": 1.0}}], "type": "minecraft:item"}]}, {"conditions": [{"condition": "minecraft:survives_explosion"}], "rolls": 1, "entries": [{"name": "minecraft:spider_eye", "functions": [{"function": "minecraft:set_count", "count": {"min": -1.0, "max": 1.0, "type": "minecraft:uniform"}}, {"function": "minecraft:looting_enchant", "count": {"min": 0.0, "max": 1.0}}], "type": "minecraft:item"}]}]}