{"type": "minecraft:block", "pools": [{"rolls": 1, "entries": [{"children": [{"name": "minecraft:grass", "conditions": [{"predicate": {"item": "minecraft:shears"}, "condition": "minecraft:match_tool"}], "type": "minecraft:item"}, {"name": "minecraft:wheat_seeds", "conditions": [{"condition": "minecraft:survives_explosion"}, {"predicate": {"enchantments": [{"enchantment": "minecraft:silk_touch", "levels": {"min": 1}}]}, "condition": "minecraft:match_tool"}, {"condition": "minecraft:random_chance", "chance": 0.125}], "type": "minecraft:item"}], "type": "minecraft:alternatives"}]}]}