{"type": "minecraft:block", "pools": [{"rolls": 1, "entries": [{"name": "minecraft:leather", "functions": [{"function": "minecraft:set_count", "count": {"min": 0.0, "max": 2.0, "type": "minecraft:uniform"}}, {"function": "minecraft:looting_enchant", "count": {"min": 0.0, "max": 1.0}}], "type": "minecraft:item"}]}, {"rolls": 1, "entries": [{"name": "minecraft:beef", "functions": [{"function": "minecraft:set_count", "count": {"min": 1.0, "max": 3.0, "type": "minecraft:uniform"}}, {"function": "minecraft:furnace_smelt", "conditions": [{"predicate": {"enchantments": [{"enchantment": "minecraft:silk_touch", "levels": {"min": 1}}]}, "condition": "minecraft:match_tool"}]}, {"function": "minecraft:looting_enchant", "count": {"min": 0.0, "max": 1.0}}], "type": "minecraft:item"}]}]}