{"type": "minecraft:block", "pools": [{"rolls": {"min": 3, "max": 8, "type": "minecraft:uniform"}, "entries": [{"name": "minecraft:iron_nugget", "functions": [{"function": "minecraft:set_count", "count": {"min": 1.0, "max": 5.0, "type": "minecraft:uniform"}}], "type": "minecraft:item"}, {"name": "minecraft:fern", "type": "minecraft:item", "weight": 2}, {"name": "minecraft:large_fern", "type": "minecraft:item", "weight": 2}, {"name": "minecraft:potato", "functions": [{"function": "minecraft:set_count", "count": {"min": 1.0, "max": 7.0, "type": "minecraft:uniform"}}], "type": "minecraft:item", "weight": 10}, {"name": "minecraft:sweet_berries", "functions": [{"function": "minecraft:set_count", "count": {"min": 1.0, "max": 7.0, "type": "minecraft:uniform"}}], "type": "minecraft:item", "weight": 5}, {"name": "minecraft:bread", "functions": [{"function": "minecraft:set_count", "count": {"min": 1.0, "max": 4.0, "type": "minecraft:uniform"}}], "type": "minecraft:item", "weight": 10}, {"name": "minecraft:pumpkin_seeds", "functions": [{"function": "minecraft:set_count", "count": {"min": 1.0, "max": 5.0, "type": "minecraft:uniform"}}], "type": "minecraft:item", "weight": 5}, {"name": "minecraft:pumpkin_pie", "type": "minecraft:item"}, {"name": "minecraft:emerald", "functions": [{"function": "minecraft:set_count", "count": {"min": 1.0, "max": 4.0, "type": "minecraft:uniform"}}], "type": "minecraft:item", "weight": 2}, {"name": "minecraft:spruce_sapling", "functions": [{"function": "minecraft:set_count", "count": {"min": 1.0, "max": 5.0, "type": "minecraft:uniform"}}], "type": "minecraft:item", "weight": 5}, {"name": "minecraft:spruce_sign", "type": "minecraft:item"}, {"name": "minecraft:spruce_log", "functions": [{"function": "minecraft:set_count", "count": {"min": 1.0, "max": 5.0, "type": "minecraft:uniform"}}], "type": "minecraft:item", "weight": 10}]}]}