{"type": "minecraft:block", "pools": [{"rolls": {"min": 2, "max": 4, "type": "minecraft:uniform"}, "entries": [{"name": "minecraft:diamond", "functions": [{"function": "minecraft:set_count", "count": {"min": 1.0, "max": 3.0, "type": "minecraft:uniform"}}], "type": "minecraft:item", "weight": 5}, {"name": "minecraft:iron_ingot", "functions": [{"function": "minecraft:set_count", "count": {"min": 1.0, "max": 5.0, "type": "minecraft:uniform"}}], "type": "minecraft:item", "weight": 5}, {"name": "minecraft:gold_ingot", "functions": [{"function": "minecraft:set_count", "count": {"min": 1.0, "max": 3.0, "type": "minecraft:uniform"}}], "type": "minecraft:item", "weight": 15}, {"name": "minecraft:golden_sword", "type": "minecraft:item", "weight": 5}, {"name": "minecraft:golden_chestplate", "type": "minecraft:item", "weight": 5}, {"name": "minecraft:flint_and_steel", "type": "minecraft:item", "weight": 5}, {"name": "minecraft:nether_wart", "functions": [{"function": "minecraft:set_count", "count": {"min": 3.0, "max": 7.0, "type": "minecraft:uniform"}}], "type": "minecraft:item", "weight": 5}, {"name": "minecraft:saddle", "type": "minecraft:item", "weight": 10}, {"name": "minecraft:golden_horse_armor", "type": "minecraft:item", "weight": 8}, {"name": "minecraft:iron_horse_armor", "type": "minecraft:item", "weight": 5}, {"name": "minecraft:diamond_horse_armor", "type": "minecraft:item", "weight": 3}, {"name": "minecraft:obsidian", "functions": [{"function": "minecraft:set_count", "count": {"min": 2.0, "max": 4.0, "type": "minecraft:uniform"}}], "type": "minecraft:item", "weight": 2}]}]}