{"type": "minecraft:block", "pools": [{"rolls": 1, "entries": [{"name": "minecraft:coal", "functions": [{"function": "minecraft:set_count", "count": {"min": -1.0, "max": 1.0, "type": "minecraft:uniform"}}, {"function": "minecraft:looting_enchant", "count": {"min": 0.0, "max": 1.0}}], "type": "minecraft:item"}]}, {"rolls": 1, "entries": [{"name": "minecraft:bone", "functions": [{"function": "minecraft:set_count", "count": {"min": 0.0, "max": 2.0, "type": "minecraft:uniform"}}, {"function": "minecraft:looting_enchant", "count": {"min": 0.0, "max": 1.0}}], "type": "minecraft:item"}]}, {"conditions": [{"block": "minecraft:polished_diorite_slab", "properties": {"type": "double"}, "condition": "minecraft:block_state_property"}, {"block": "minecraft:polished_diorite_slab", "properties": {"type": "double"}, "condition": "minecraft:block_state_property"}], "rolls": 1, "entries": [{"name": "minecraft:wither_skeleton_skull", "type": "minecraft:item"}]}]}