{"type": "minecraft:block", "pools": [{"rolls": {"min": 1, "max": 4, "type": "minecraft:uniform"}, "entries": [{"name": "minecraft:iron_ingot", "functions": [{"function": "minecraft:set_count", "count": {"min": 1.0, "max": 5.0, "type": "minecraft:uniform"}}], "type": "minecraft:item", "weight": 10}, {"name": "minecraft:gold_ingot", "functions": [{"function": "minecraft:set_count", "count": {"min": 1.0, "max": 3.0, "type": "minecraft:uniform"}}], "type": "minecraft:item", "weight": 5}, {"name": "minecraft:redstone", "functions": [{"function": "minecraft:set_count", "count": {"min": 4.0, "max": 9.0, "type": "minecraft:uniform"}}], "type": "minecraft:item", "weight": 5}, {"name": "minecraft:coal", "functions": [{"function": "minecraft:set_count", "count": {"min": 3.0, "max": 8.0, "type": "minecraft:uniform"}}], "type": "minecraft:item", "weight": 10}, {"name": "minecraft:bread", "functions": [{"function": "minecraft:set_count", "count": {"min": 1.0, "max": 3.0, "type": "minecraft:uniform"}}], "type": "minecraft:item", "weight": 15}, {"name": "minecraft:apple", "functions": [{"function": "minecraft:set_count", "count": {"min": 1.0, "max": 3.0, "type": "minecraft:uniform"}}], "type": "minecraft:item", "weight": 15}, {"name": "minecraft:iron_pickaxe", "type": "minecraft:item"}, {"name": "minecraft:book", "functions": [{"function": "minecraft:enchant_with_levels", "levels": 30, "treasure": true}], "type": "minecraft:item"}]}]}