{"type": "minecraft:block", "pools": [{"rolls": 1, "entries": [{"name": "minecraft:leather_boots", "functions": [{"function": "minecraft:set_damage", "damage": {"min": 0.0, "max": 0.9}}], "type": "minecraft:item", "weight": 10}, {"name": "minecraft:leather", "type": "minecraft:item", "weight": 10}, {"name": "minecraft:bone", "type": "minecraft:item", "weight": 10}, {"name": "minecraft:potion", "functions": [{"function": "minecraft:set_nbt", "tag": "{Potion:\"minecraft:water\"}"}], "type": "minecraft:item", "weight": 10}, {"name": "minecraft:string", "type": "minecraft:item", "weight": 5}, {"name": "minecraft:fishing_rod", "functions": [{"function": "minecraft:set_damage", "damage": {"min": 0.0, "max": 0.9}}], "type": "minecraft:item", "weight": 2}, {"name": "minecraft:bowl", "type": "minecraft:item", "weight": 10}, {"name": "minecraft:stick", "type": "minecraft:item", "weight": 5}, {"name": "minecraft:ink_sac", "functions": [{"function": "minecraft:set_count", "count": 10}], "type": "minecraft:item"}, {"name": "minecraft:tripwire_hook", "type": "minecraft:item", "weight": 10}, {"name": "minecraft:rotten_flesh", "type": "minecraft:item", "weight": 10}, {"name": "minecraft:bamboo", "conditions": [{"terms": [{"predicate": {"biome": "minecraft:jungle"}, "condition": "minecraft:location_check"}, {"predicate": {"biome": "minecraft:jungle_hills"}, "condition": "minecraft:location_check"}, {"predicate": {"biome": "minecraft:jungle_edge"}, "condition": "minecraft:location_check"}, {"predicate": {"biome": "minecraft:bamboo_jungle"}, "condition": "minecraft:location_check"}, {"predicate": {"biome": "minecraft:modified_jungle"}, "condition": "minecraft:location_check"}, {"predicate": {"biome": "minecraft:modified_jungle_edge"}, "condition": "minecraft:location_check"}, {"predicate": {"biome": "minecraft:bamboo_jungle_hills"}, "condition": "minecraft:location_check"}], "condition": "minecraft:alternative"}], "type": "minecraft:item", "weight": 10}]}]}