{"type": "minecraft:block", "pools": [{"rolls": 1, "entries": [{"name": "minecraft:stone_axe", "type": "minecraft:item"}, {"name": "minecraft:wooden_axe", "type": "minecraft:item", "weight": 3}]}, {"rolls": 1, "entries": [{"name": "minecraft:stone_pickaxe", "type": "minecraft:item"}, {"name": "minecraft:wooden_pickaxe", "type": "minecraft:item", "weight": 3}]}, {"rolls": 3, "entries": [{"name": "minecraft:apple", "functions": [{"function": "minecraft:set_count", "count": {"min": 1.0, "max": 2.0, "type": "minecraft:uniform"}}], "type": "minecraft:item", "weight": 5}, {"name": "minecraft:bread", "functions": [{"function": "minecraft:set_count", "count": {"min": 1.0, "max": 2.0, "type": "minecraft:uniform"}}], "type": "minecraft:item", "weight": 3}, {"name": "minecraft:salmon", "functions": [{"function": "minecraft:set_count", "count": {"min": 1.0, "max": 2.0, "type": "minecraft:uniform"}}], "type": "minecraft:item", "weight": 3}]}, {"rolls": 4, "entries": [{"name": "minecraft:stick", "functions": [{"function": "minecraft:set_count", "count": {"min": 1.0, "max": 12.0, "type": "minecraft:uniform"}}], "type": "minecraft:item", "weight": 10}, {"name": "minecraft:oak_planks", "functions": [{"function": "minecraft:set_count", "count": {"min": 1.0, "max": 12.0, "type": "minecraft:uniform"}}], "type": "minecraft:item", "weight": 10}, {"name": "minecraft:oak_log", "functions": [{"function": "minecraft:set_count", "count": {"min": 1.0, "max": 3.0, "type": "minecraft:uniform"}}], "type": "minecraft:item", "weight": 3}, {"name": "minecraft:spruce_log", "functions": [{"function": "minecraft:set_count", "count": {"min": 1.0, "max": 3.0, "type": "minecraft:uniform"}}], "type": "minecraft:item", "weight": 3}, {"name": "minecraft:birch_log", "functions": [{"function": "minecraft:set_count", "count": {"min": 1.0, "max": 3.0, "type": "minecraft:uniform"}}], "type": "minecraft:item", "weight": 3}, {"name": "minecraft:jungle_log", "functions": [{"function": "minecraft:set_count", "count": {"min": 1.0, "max": 3.0, "type": "minecraft:uniform"}}], "type": "minecraft:item", "weight": 3}, {"name": "minecraft:acacia_log", "functions": [{"function": "minecraft:set_count", "count": {"min": 1.0, "max": 3.0, "type": "minecraft:uniform"}}], "type": "minecraft:item", "weight": 3}, {"name": "minecraft:dark_oak_log", "functions": [{"function": "minecraft:set_count", "count": {"min": 1.0, "max": 3.0, "type": "minecraft:uniform"}}], "type": "minecraft:item", "weight": 3}]}]}