{"type": "minecraft:block", "pools": [{"rolls": 1, "entries": [{"children": [{"name": "minecraft:cobweb", "conditions": [{"terms": [{"predicate": {"item": "minecraft:shears"}, "condition": "minecraft:match_tool"}, {"predicate": {"enchantments": [{"enchantment": "minecraft:silk_touch", "levels": {"min": 1}}]}, "condition": "minecraft:match_tool"}], "condition": "minecraft:alternative"}], "type": "minecraft:item"}, {"name": "minecraft:string", "conditions": [{"condition": "minecraft:survives_explosion"}], "type": "minecraft:item"}], "type": "minecraft:alternatives"}]}]}