{"type": "minecraft:block", "pools": [{"rolls": 1, "entries": [{"name": "minecraft:feather", "functions": [{"function": "minecraft:set_count", "count": {"min": 0.0, "max": 2.0, "type": "minecraft:uniform"}}, {"function": "minecraft:looting_enchant", "count": {"min": 0.0, "max": 1.0}}], "type": "minecraft:item"}]}, {"rolls": 1, "entries": [{"name": "minecraft:chicken", "functions": [{"function": "minecraft:furnace_smelt", "conditions": [{"condition": "minecraft:survives_explosion"}]}, {"function": "minecraft:looting_enchant", "count": {"min": 0.0, "max": 1.0}}], "type": "minecraft:item"}]}]}