{"type": "minecraft:block", "pools": [{"rolls": {"min": 1, "max": 5, "type": "minecraft:uniform"}, "entries": [{"name": "minecraft:leather", "functions": [{"function": "minecraft:set_count", "count": {"min": 1.0, "max": 3.0, "type": "minecraft:uniform"}}], "type": "minecraft:item"}, {"name": "minecraft:leather_chestplate", "type": "minecraft:item", "weight": 2}, {"name": "minecraft:leather_boots", "type": "minecraft:item", "weight": 2}, {"name": "minecraft:leather_helmet", "type": "minecraft:item", "weight": 2}, {"name": "minecraft:bread", "functions": [{"function": "minecraft:set_count", "count": {"min": 1.0, "max": 4.0, "type": "minecraft:uniform"}}], "type": "minecraft:item", "weight": 5}, {"name": "minecraft:leather_leggings", "type": "minecraft:item", "weight": 2}, {"name": "minecraft:saddle", "type": "minecraft:item"}, {"name": "minecraft:emerald", "functions": [{"function": "minecraft:set_count", "count": {"min": 1.0, "max": 4.0, "type": "minecraft:uniform"}}], "type": "minecraft:item"}]}]}