{"type": "minecraft:block", "pools": [{"rolls": {"min": 3, "max": 8, "type": "minecraft:uniform"}, "entries": [{"name": "minecraft:diamond", "functions": [{"function": "minecraft:set_count", "count": {"min": 1.0, "max": 3.0, "type": "minecraft:uniform"}}], "type": "minecraft:item", "weight": 3}, {"name": "minecraft:iron_ingot", "functions": [{"function": "minecraft:set_count", "count": {"min": 1.0, "max": 5.0, "type": "minecraft:uniform"}}], "type": "minecraft:item", "weight": 10}, {"name": "minecraft:gold_ingot", "functions": [{"function": "minecraft:set_count", "count": {"min": 1.0, "max": 3.0, "type": "minecraft:uniform"}}], "type": "minecraft:item", "weight": 5}, {"name": "minecraft:bread", "functions": [{"function": "minecraft:set_count", "count": {"min": 1.0, "max": 3.0, "type": "minecraft:uniform"}}], "type": "minecraft:item", "weight": 15}, {"name": "minecraft:apple", "functions": [{"function": "minecraft:set_count", "count": {"min": 1.0, "max": 3.0, "type": "minecraft:uniform"}}], "type": "minecraft:item", "weight": 15}, {"name": "minecraft:iron_pickaxe", "type": "minecraft:item", "weight": 5}, {"name": "minecraft:iron_sword", "type": "minecraft:item", "weight": 5}, {"name": "minecraft:iron_chestplate", "type": "minecraft:item", "weight": 5}, {"name": "minecraft:iron_helmet", "type": "minecraft:item", "weight": 5}, {"name": "minecraft:iron_leggings", "type": "minecraft:item", "weight": 5}, {"name": "minecraft:iron_boots", "type": "minecraft:item", "weight": 5}, {"name": "minecraft:obsidian", "functions": [{"function": "minecraft:set_count", "count": {"min": 3.0, "max": 7.0, "type": "minecraft:uniform"}}], "type": "minecraft:item", "weight": 5}, {"name": "minecraft:oak_sapling", "functions": [{"function": "minecraft:set_count", "count": {"min": 3.0, "max": 7.0, "type": "minecraft:uniform"}}], "type": "minecraft:item", "weight": 5}, {"name": "minecraft:saddle", "type": "minecraft:item", "weight": 3}, {"name": "minecraft:iron_horse_armor", "type": "minecraft:item"}, {"name": "minecraft:golden_horse_armor", "type": "minecraft:item"}, {"name": "minecraft:diamond_horse_armor", "type": "minecraft:item"}]}]}