{"type": "minecraft:block", "pools": [{"rolls": 1, "entries": [{"name": "minecraft:heart_of_the_sea", "type": "minecraft:item"}]}, {"rolls": {"min": 5, "max": 8, "type": "minecraft:uniform"}, "entries": [{"name": "minecraft:iron_ingot", "functions": [{"function": "minecraft:set_count", "count": {"min": 1.0, "max": 4.0, "type": "minecraft:uniform"}}], "type": "minecraft:item", "weight": 20}, {"name": "minecraft:gold_ingot", "functions": [{"function": "minecraft:set_count", "count": {"min": 1.0, "max": 4.0, "type": "minecraft:uniform"}}], "type": "minecraft:item", "weight": 10}, {"name": "minecraft:tnt", "functions": [{"function": "minecraft:set_count", "count": {"min": 1.0, "max": 2.0, "type": "minecraft:uniform"}}], "type": "minecraft:item", "weight": 5}]}, {"rolls": {"min": 1, "max": 3, "type": "minecraft:uniform"}, "entries": [{"name": "minecraft:emerald", "functions": [{"function": "minecraft:set_count", "count": {"min": 4.0, "max": 8.0, "type": "minecraft:uniform"}}], "type": "minecraft:item", "weight": 5}, {"name": "minecraft:diamond", "functions": [{"function": "minecraft:set_count", "count": {"min": 1.0, "max": 2.0, "type": "minecraft:uniform"}}], "type": "minecraft:item", "weight": 5}, {"name": "minecraft:prismarine_crystals", "functions": [{"function": "minecraft:set_count", "count": {"min": 1.0, "max": 5.0, "type": "minecraft:uniform"}}], "type": "minecraft:item", "weight": 5}]}, {"rolls": {"min": 0, "max": 1, "type": "minecraft:uniform"}, "entries": [{"name": "minecraft:leather_chestplate", "type": "minecraft:item"}, {"name": "minecraft:iron_sword", "type": "minecraft:item"}]}, {"rolls": 2, "entries": [{"name": "minecraft:cooked_cod", "functions": [{"function": "minecraft:set_count", "count": {"min": 2.0, "max": 4.0, "type": "minecraft:uniform"}}], "type": "minecraft:item"}, {"name": "minecraft:cooked_salmon", "functions": [{"function": "minecraft:set_count", "count": {"min": 2.0, "max": 4.0, "type": "minecraft:uniform"}}], "type": "minecraft:item"}]}]}