{"type": "minecraft:block", "pools": [{"rolls": 1, "entries": [{"children": [{"name": "minecraft:gravel", "conditions": [{"predicate": {"enchantments": [{"enchantment": "minecraft:silk_touch", "levels": {"min": 1}}]}, "condition": "minecraft:match_tool"}], "type": "minecraft:item"}, {"children": [{"name": "minecraft:flint", "conditions": [{"condition": "minecraft:table_bonus", "enchantment": "minecraft:fortune", "chances": [0.1, 0.14285715, 0.25, 1.0]}], "type": "minecraft:item"}, {"name": "minecraft:gravel", "type": "minecraft:item"}], "conditions": [{"condition": "minecraft:survives_explosion"}], "type": "minecraft:alternatives"}], "type": "minecraft:alternatives"}]}]}