{"type": "minecraft:block", "pools": [{"rolls": {"min": 3, "max": 8, "type": "minecraft:uniform"}, "entries": [{"name": "minecraft:clay_ball", "type": "minecraft:item"}, {"name": "minecraft:green_dye", "type": "minecraft:item"}, {"name": "minecraft:cactus", "functions": [{"function": "minecraft:set_count", "count": {"min": 1.0, "max": 4.0, "type": "minecraft:uniform"}}], "type": "minecraft:item", "weight": 10}, {"name": "minecraft:wheat", "functions": [{"function": "minecraft:set_count", "count": {"min": 1.0, "max": 7.0, "type": "minecraft:uniform"}}], "type": "minecraft:item", "weight": 10}, {"name": "minecraft:bread", "functions": [{"function": "minecraft:set_count", "count": {"min": 1.0, "max": 4.0, "type": "minecraft:uniform"}}], "type": "minecraft:item", "weight": 10}, {"name": "minecraft:book", "type": "minecraft:item"}, {"name": "minecraft:dead_bush", "functions": [{"function": "minecraft:set_count", "count": {"min": 1.0, "max": 3.0, "type": "minecraft:uniform"}}], "type": "minecraft:item", "weight": 2}, {"name": "minecraft:emerald", "functions": [{"function": "minecraft:set_count", "count": {"min": 1.0, "max": 3.0, "type": "minecraft:uniform"}}], "type": "minecraft:item"}]}]}