{"type": "minecraft:block", "pools": [{"rolls": 1, "entries": [{"name": "minecraft:prismarine_shard", "functions": [{"function": "minecraft:set_count", "count": {"min": 0.0, "max": 2.0, "type": "minecraft:uniform"}}, {"function": "minecraft:looting_enchant", "count": {"min": 0.0, "max": 1.0}}], "type": "minecraft:item"}]}, {"rolls": 1, "entries": [{"name": "minecraft:cod", "functions": [{"function": "minecraft:looting_enchant", "count": {"min": 0.0, "max": 1.0}}, {"function": "minecraft:furnace_smelt", "conditions": [{"predicate": {"enchantments": [{"enchantment": "minecraft:silk_touch", "levels": {"min": 1}}]}, "condition": "minecraft:match_tool"}]}], "type": "minecraft:item", "weight": 3}, {"name": "minecraft:prismarine_crystals", "functions": [{"function": "minecraft:looting_enchant", "count": {"min": 0.0, "max": 1.0}}], "type": "minecraft:item", "weight": 2}, {"type": "minecraft:empty"}]}, {"conditions": [{"predicate": {"enchantments": [{"enchantment": "minecraft:silk_touch", "levels": {"min": 1}}]}, "condition": "minecraft:match_tool"}], "rolls": 1, "entries": [{"name": "minecraft:wet_sponge", "type": "minecraft:item"}]}, {"conditions": [{"predicate": {"enchantments": [{"enchantment": "minecraft:silk_touch", "levels": {"min": 1}}]}, "condition": "minecraft:match_tool"}, {"condition": "minecraft:random_chance_with_looting", "chance": 0.025, "looting_multiplier": 0.01}], "rolls": 1, "entries": [{"name": "minecraft:gameplay/fishing/fish", "type": "minecraft:loot_table"}]}]}