{"type": "minecraft:block", "pools": [{"rolls": 1, "entries": [{"name": "minecraft:rotten_flesh", "functions": [{"function": "minecraft:set_count", "count": {"min": 0.0, "max": 2.0, "type": "minecraft:uniform"}}, {"function": "minecraft:looting_enchant", "count": {"min": 0.0, "max": 1.0}}], "type": "minecraft:item"}]}, {"conditions": [{"predicate": {"item": "minecraft:shears"}, "condition": "minecraft:match_tool"}, {"condition": "minecraft:random_chance_with_looting", "chance": 0.025, "looting_multiplier": 0.01}], "rolls": 1, "entries": [{"name": "minecraft:iron_ingot", "type": "minecraft:item"}, {"name": "minecraft:carrot", "type": "minecraft:item"}, {"name": "minecraft:potato", "type": "minecraft:item"}]}]}