{"type": "minecraft:block", "pools": [{"rolls": 1, "entries": [{"name": "minecraft:map", "functions": [{"function": "minecraft:exploration_map", "destination": "buried_treasure", "decoration": "red_x", "zoom": 1, "skip_existing_chunks": false}], "type": "minecraft:item"}]}, {"rolls": 3, "entries": [{"name": "minecraft:compass", "type": "minecraft:item"}, {"name": "minecraft:map", "type": "minecraft:item"}, {"name": "minecraft:clock", "type": "minecraft:item"}, {"name": "minecraft:paper", "functions": [{"function": "minecraft:set_count", "count": {"min": 1.0, "max": 10.0, "type": "minecraft:uniform"}}], "type": "minecraft:item", "weight": 20}, {"name": "minecraft:feather", "functions": [{"function": "minecraft:set_count", "count": {"min": 1.0, "max": 5.0, "type": "minecraft:uniform"}}], "type": "minecraft:item", "weight": 10}, {"name": "minecraft:book", "functions": [{"function": "minecraft:set_count", "count": {"min": 1.0, "max": 5.0, "type": "minecraft:uniform"}}], "type": "minecraft:item", "weight": 5}]}]}