{"type": "minecraft:block", "pools": [{"conditions": [{"entity": "this", "predicate": {}, "condition": "minecraft:entity_properties"}], "rolls": 1, "entries": [{"children": [{"children": [{"name": "minecraft:snowball", "conditions": [{"block": "minecraft:light_blue_bed", "properties": {"part": "head"}, "condition": "minecraft:block_state_property"}], "type": "minecraft:item"}, {"name": "minecraft:snowball", "functions": [{"function": "minecraft:set_count", "count": 2}], "conditions": [{"condition": "minecraft:survives_explosion"}], "type": "minecraft:item"}, {"name": "minecraft:snowball", "functions": [{"function": "minecraft:set_count", "count": 3}], "conditions": [{"block": "minecraft:light_blue_bed", "properties": {"part": "head"}, "condition": "minecraft:block_state_property"}], "type": "minecraft:item"}, {"name": "minecraft:snowball", "functions": [{"function": "minecraft:set_count", "count": 4}], "conditions": [{"condition": "minecraft:survives_explosion"}], "type": "minecraft:item"}, {"name": "minecraft:snowball", "functions": [{"function": "minecraft:set_count", "count": 5}], "conditions": [{"block": "minecraft:light_blue_bed", "properties": {"part": "head"}, "condition": "minecraft:block_state_property"}], "type": "minecraft:item"}, {"name": "minecraft:snowball", "functions": [{"function": "minecraft:set_count", "count": 6}], "conditions": [{"condition": "minecraft:survives_explosion"}], "type": "minecraft:item"}, {"name": "minecraft:snowball", "functions": [{"function": "minecraft:set_count", "count": 7}], "conditions": [{"block": "minecraft:light_blue_bed", "properties": {"part": "head"}, "condition": "minecraft:block_state_property"}], "type": "minecraft:item"}, {"name": "minecraft:snowball", "functions": [{"function": "minecraft:set_count", "count": 8}], "type": "minecraft:item"}], "conditions": [{"term": {"predicate": {"enchantments": [{"enchantment": "minecraft:silk_touch", "levels": {"min": 1}}]}, "condition": "minecraft:match_tool"}, "condition": "minecraft:inverted"}], "type": "minecraft:alternatives"}, {"children": [{"name": "minecraft:snow", "conditions": [{"block": "minecraft:light_blue_bed", "properties": {"part": "head"}, "condition": "minecraft:block_state_property"}], "type": "minecraft:item"}, {"name": "minecraft:snow", "functions": [{"function": "minecraft:set_count", "count": 2}], "conditions": [{"condition": "minecraft:survives_explosion"}], "type": "minecraft:item"}, {"name": "minecraft:snow", "functions": [{"function": "minecraft:set_count", "count": 3}], "conditions": [{"block": "minecraft:light_blue_bed", "properties": {"part": "head"}, "condition": "minecraft:block_state_property"}], "type": "minecraft:item"}, {"name": "minecraft:snow", "functions": [{"function": "minecraft:set_count", "count": 4}], "conditions": [{"condition": "minecraft:survives_explosion"}], "type": "minecraft:item"}, {"name": "minecraft:snow", "functions": [{"function": "minecraft:set_count", "count": 5}], "conditions": [{"block": "minecraft:light_blue_bed", "properties": {"part": "head"}, "condition": "minecraft:block_state_property"}], "type": "minecraft:item"}, {"name": "minecraft:snow", "functions": [{"function": "minecraft:set_count", "count": 6}], "conditions": [{"condition": "minecraft:survives_explosion"}], "type": "minecraft:item"}, {"name": "minecraft:snow", "functions": [{"function": "minecraft:set_count", "count": 7}], "conditions": [{"block": "minecraft:light_blue_bed", "properties": {"part": "head"}, "condition": "minecraft:block_state_property"}], "type": "minecraft:item"}, {"name": "minecraft:snow_block", "type": "minecraft:item"}], "type": "minecraft:alternatives"}], "type": "minecraft:alternatives"}]}]}