{"type": "minecraft:block", "pools": [{"rolls": {"min": 1, "max": 5, "type": "minecraft:uniform"}, "entries": [{"name": "minecraft:map", "functions": [{"function": "minecraft:set_count", "count": {"min": 1.0, "max": 3.0, "type": "minecraft:uniform"}}], "type": "minecraft:item", "weight": 10}, {"name": "minecraft:paper", "functions": [{"function": "minecraft:set_count", "count": {"min": 1.0, "max": 5.0, "type": "minecraft:uniform"}}], "type": "minecraft:item", "weight": 15}, {"name": "minecraft:compass", "type": "minecraft:item", "weight": 5}, {"name": "minecraft:bread", "functions": [{"function": "minecraft:set_count", "count": {"min": 1.0, "max": 4.0, "type": "minecraft:uniform"}}], "type": "minecraft:item", "weight": 15}, {"name": "minecraft:stick", "functions": [{"function": "minecraft:set_count", "count": {"min": 1.0, "max": 2.0, "type": "minecraft:uniform"}}], "type": "minecraft:item", "weight": 5}]}]}