{"type": "minecraft:block", "pools": [{"rolls": 1, "entries": [{"name": "minecraft:carrot", "type": "minecraft:item"}]}, {"conditions": [{"condition": "minecraft:survives_explosion"}], "rolls": 1, "entries": [{"name": "minecraft:carrot", "functions": [{"function": "minecraft:apply_bonus", "enchantment": "minecraft:fortune", "formula": "minecraft:binomial_with_bonus_count", "parameters": {"extra": 3, "probability": 0.5714286}}], "type": "minecraft:item"}]}], "functions": [{"function": "minecraft:explosion_decay"}]}