{"type": "minecraft:block", "pools": [{"rolls": 1, "entries": [{"children": [{"name": "minecraft:redstone_ore", "conditions": [{"predicate": {"enchantments": [{"enchantment": "minecraft:silk_touch", "levels": {"min": 1}}]}, "condition": "minecraft:match_tool"}], "type": "minecraft:item"}, {"name": "minecraft:redstone", "functions": [{"function": "minecraft:set_count", "count": {"min": 4.0, "max": 5.0, "type": "minecraft:uniform"}}, {"function": "minecraft:apply_bonus", "enchantment": "minecraft:fortune", "formula": "minecraft:uniform_bonus_count", "parameters": {"bonusMultiplier": 1}}, {"function": "minecraft:explosion_decay"}], "type": "minecraft:item"}], "type": "minecraft:alternatives"}]}]}