{"type": "minecraft:block", "pools": [{"rolls": {"min": 2, "max": 10, "type": "minecraft:uniform"}, "entries": [{"name": "minecraft:book", "functions": [{"function": "minecraft:set_count", "count": {"min": 1.0, "max": 3.0, "type": "minecraft:uniform"}}], "type": "minecraft:item", "weight": 20}, {"name": "minecraft:paper", "functions": [{"function": "minecraft:set_count", "count": {"min": 2.0, "max": 7.0, "type": "minecraft:uniform"}}], "type": "minecraft:item", "weight": 20}, {"name": "minecraft:map", "type": "minecraft:item"}, {"name": "minecraft:compass", "type": "minecraft:item"}, {"name": "minecraft:book", "functions": [{"function": "minecraft:enchant_with_levels", "levels": 30, "treasure": true}], "type": "minecraft:item", "weight": 10}]}]}