{"type": "minecraft:block", "pools": [{"rolls": 1, "entries": [{"name": "minecraft:nether_wart", "functions": [{"function": "minecraft:set_count", "conditions": [{"condition": "minecraft:survives_explosion"}], "count": {"min": 2.0, "max": 4.0, "type": "minecraft:uniform"}}, {"function": "minecraft:apply_bonus", "conditions": [{"condition": "minecraft:survives_explosion"}], "enchantment": "minecraft:fortune", "formula": "minecraft:uniform_bonus_count", "parameters": {"bonusMultiplier": 1}}], "type": "minecraft:item"}], "functions": [{"function": "minecraft:explosion_decay"}]}]}