{"type": "minecraft:block", "pools": [{"rolls": 1, "entries": [{"children": [{"name": "minecraft:beetroot", "conditions": [{"predicate": {"enchantments": [{"enchantment": "minecraft:silk_touch", "levels": {"min": 1}}]}, "condition": "minecraft:match_tool"}], "type": "minecraft:item"}, {"name": "minecraft:beetroot_seeds", "type": "minecraft:item"}], "type": "minecraft:alternatives"}]}, {"conditions": [{"predicate": {"enchantments": [{"enchantment": "minecraft:silk_touch", "levels": {"min": 1}}]}, "condition": "minecraft:match_tool"}], "rolls": 1, "entries": [{"name": "minecraft:beetroot_seeds", "functions": [{"function": "minecraft:apply_bonus", "enchantment": "minecraft:fortune", "formula": "minecraft:binomial_with_bonus_count", "parameters": {"extra": 3, "probability": 0.5714286}}], "type": "minecraft:item"}]}], "functions": [{"function": "minecraft:explosion_decay"}]}