{"type": "minecraft:block", "pools": [{"rolls": {"min": 1, "max": 3, "type": "minecraft:uniform"}, "entries": [{"name": "minecraft:saddle", "type": "minecraft:item", "weight": 20}, {"name": "minecraft:golden_apple", "type": "minecraft:item", "weight": 15}, {"name": "minecraft:enchanted_golden_apple", "type": "minecraft:item", "weight": 2}, {"name": "minecraft:music_disc_13", "type": "minecraft:item", "weight": 15}, {"name": "minecraft:music_disc_cat", "type": "minecraft:item", "weight": 15}, {"name": "minecraft:name_tag", "type": "minecraft:item", "weight": 20}, {"name": "minecraft:golden_horse_armor", "type": "minecraft:item", "weight": 10}, {"name": "minecraft:iron_horse_armor", "type": "minecraft:item", "weight": 15}, {"name": "minecraft:diamond_horse_armor", "type": "minecraft:item", "weight": 5}, {"name": "minecraft:book", "functions": [{"function": "minecraft:enchant_randomly"}], "type": "minecraft:item", "weight": 10}]}, {"rolls": {"min": 1, "max": 4, "type": "minecraft:uniform"}, "entries": [{"name": "minecraft:iron_ingot", "functions": [{"function": "minecraft:set_count", "count": {"min": 1.0, "max": 4.0, "type": "minecraft:uniform"}}], "type": "minecraft:item", "weight": 10}, {"name": "minecraft:gold_ingot", "functions": [{"function": "minecraft:set_count", "count": {"min": 1.0, "max": 4.0, "type": "minecraft:uniform"}}], "type": "minecraft:item", "weight": 5}, {"name": "minecraft:bread", "type": "minecraft:item", "weight": 20}, {"name": "minecraft:wheat", "functions": [{"function": "minecraft:set_count", "count": {"min": 1.0, "max": 4.0, "type": "minecraft:uniform"}}], "type": "minecraft:item", "weight": 20}, {"name": "minecraft:bucket", "type": "minecraft:item", "weight": 10}, {"name": "minecraft:redstone", "functions": [{"function": "minecraft:set_count", "count": {"min": 1.0, "max": 4.0, "type": "minecraft:uniform"}}], "type": "minecraft:item", "weight": 15}, {"name": "minecraft:coal", "functions": [{"function": "minecraft:set_count", "count": {"min": 1.0, "max": 4.0, "type": "minecraft:uniform"}}], "type": "minecraft:item", "weight": 15}, {"name": "minecraft:melon_seeds", "functions": [{"function": "minecraft:set_count", "count": {"min": 2.0, "max": 4.0, "type": "minecraft:uniform"}}], "type": "minecraft:item", "weight": 10}, {"name": "minecraft:pumpkin_seeds", "functions": [{"function": "minecraft:set_count", "count": {"min": 2.0, "max": 4.0, "type": "minecraft:uniform"}}], "type": "minecraft:item", "weight": 10}, {"name": "minecraft:beetroot_seeds", "functions": [{"function": "minecraft:set_count", "count": {"min": 2.0, "max": 4.0, "type": "minecraft:uniform"}}], "type": "minecraft:item", "weight": 10}]}, {"rolls": 3, "entries": [{"name": "minecraft:bone", "functions": [{"function": "minecraft:set_count", "count": {"min": 1.0, "max": 8.0, "type": "minecraft:uniform"}}], "type": "minecraft:item", "weight": 10}, {"name": "minecraft:gunpowder", "functions": [{"function": "minecraft:set_count", "count": {"min": 1.0, "max": 8.0, "type": "minecraft:uniform"}}], "type": "minecraft:item", "weight": 10}, {"name": "minecraft:rotten_flesh", "functions": [{"function": "minecraft:set_count", "count": {"min": 1.0, "max": 8.0, "type": "minecraft:uniform"}}], "type": "minecraft:item", "weight": 10}, {"name": "minecraft:string", "functions": [{"function": "minecraft:set_count", "count": {"min": 1.0, "max": 8.0, "type": "minecraft:uniform"}}], "type": "minecraft:item", "weight": 10}]}]}