{"type": "minecraft:block", "pools": [{"rolls": {"min": 3, "max": 6, "type": "minecraft:uniform"}, "entries": [{"name": "minecraft:iron_ingot", "functions": [{"function": "minecraft:set_count", "count": {"min": 1.0, "max": 5.0, "type": "minecraft:uniform"}}], "type": "minecraft:item", "weight": 90}, {"name": "minecraft:gold_ingot", "functions": [{"function": "minecraft:set_count", "count": {"min": 1.0, "max": 5.0, "type": "minecraft:uniform"}}], "type": "minecraft:item", "weight": 10}, {"name": "minecraft:emerald", "functions": [{"function": "minecraft:set_count", "count": {"min": 1.0, "max": 5.0, "type": "minecraft:uniform"}}], "type": "minecraft:item", "weight": 40}, {"name": "minecraft:diamond", "type": "minecraft:item", "weight": 5}, {"name": "minecraft:experience_bottle", "type": "minecraft:item", "weight": 5}]}, {"rolls": {"min": 2, "max": 5, "type": "minecraft:uniform"}, "entries": [{"name": "minecraft:iron_nugget", "functions": [{"function": "minecraft:set_count", "count": {"min": 1.0, "max": 10.0, "type": "minecraft:uniform"}}], "type": "minecraft:item", "weight": 50}, {"name": "minecraft:gold_nugget", "functions": [{"function": "minecraft:set_count", "count": {"min": 1.0, "max": 10.0, "type": "minecraft:uniform"}}], "type": "minecraft:item", "weight": 10}, {"name": "minecraft:lapis_lazuli", "functions": [{"function": "minecraft:set_count", "count": {"min": 1.0, "max": 10.0, "type": "minecraft:uniform"}}], "type": "minecraft:item", "weight": 20}]}]}