{"type": "minecraft:block", "pools": [{"rolls": {"min": 2, "max": 8, "type": "minecraft:uniform"}, "entries": [{"name": "minecraft:apple", "functions": [{"function": "minecraft:set_count", "count": {"min": 1.0, "max": 3.0, "type": "minecraft:uniform"}}], "type": "minecraft:item", "weight": 15}, {"name": "minecraft:coal", "functions": [{"function": "minecraft:set_count", "count": {"min": 1.0, "max": 4.0, "type": "minecraft:uniform"}}], "type": "minecraft:item", "weight": 15}, {"name": "minecraft:gold_nugget", "functions": [{"function": "minecraft:set_count", "count": {"min": 1.0, "max": 3.0, "type": "minecraft:uniform"}}], "type": "minecraft:item", "weight": 10}, {"name": "minecraft:stone_axe", "type": "minecraft:item", "weight": 2}, {"name": "minecraft:rotten_flesh", "type": "minecraft:item", "weight": 10}, {"name": "minecraft:emerald", "type": "minecraft:item"}, {"name": "minecraft:wheat", "functions": [{"function": "minecraft:set_count", "count": {"min": 2.0, "max": 3.0, "type": "minecraft:uniform"}}], "type": "minecraft:item", "weight": 10}]}, {"rolls": 1, "entries": [{"name": "minecraft:golden_apple", "type": "minecraft:item"}]}]}