{"type": "minecraft:block", "pools": [{"rolls": 1, "entries": [{"children": [{"name": "minecraft:grass", "conditions": [{"predicate": {"item": "minecraft:shears"}, "condition": "minecraft:match_tool"}], "type": "minecraft:item"}, {"name": "minecraft:wheat_seeds", "conditions": [{"condition": "minecraft:survives_explosion"}, {"block": "minecraft:prismarine_brick_slab", "properties": {"type": "double"}, "condition": "minecraft:block_state_property"}, {"condition": "minecraft:random_chance", "chance": 0.125}], "type": "minecraft:item"}], "type": "minecraft:alternatives"}]}]}