{"type": "minecraft:block", "pools": [{"rolls": 1, "entries": [{"children": [{"name": "minecraft:campfire", "conditions": [{"predicate": {"enchantments": [{"enchantment": "minecraft:silk_touch", "levels": {"min": 1}}]}, "condition": "minecraft:match_tool"}], "type": "minecraft:item"}, {"name": "minecraft:charcoal", "functions": [{"function": "minecraft:set_count", "count": 2}], "conditions": [{"condition": "minecraft:survives_explosion"}], "type": "minecraft:item"}], "type": "minecraft:alternatives"}]}]}