{"type": "minecraft:block", "pools": [{"rolls": {"min": 2, "max": 6, "type": "minecraft:uniform"}, "entries": [{"name": "minecraft:diamond", "functions": [{"function": "minecraft:set_count", "count": {"min": 2.0, "max": 7.0, "type": "minecraft:uniform"}}], "type": "minecraft:item", "weight": 5}, {"name": "minecraft:iron_ingot", "functions": [{"function": "minecraft:set_count", "count": {"min": 4.0, "max": 8.0, "type": "minecraft:uniform"}}], "type": "minecraft:item", "weight": 10}, {"name": "minecraft:gold_ingot", "functions": [{"function": "minecraft:set_count", "count": {"min": 2.0, "max": 7.0, "type": "minecraft:uniform"}}], "type": "minecraft:item", "weight": 15}, {"name": "minecraft:emerald", "functions": [{"function": "minecraft:set_count", "count": {"min": 2.0, "max": 6.0, "type": "minecraft:uniform"}}], "type": "minecraft:item", "weight": 2}, {"name": "minecraft:beetroot_seeds", "functions": [{"function": "minecraft:set_count", "count": {"min": 1.0, "max": 10.0, "type": "minecraft:uniform"}}], "type": "minecraft:item", "weight": 5}, {"name": "minecraft:saddle", "type": "minecraft:item", "weight": 3}, {"name": "minecraft:iron_horse_armor", "type": "minecraft:item"}, {"name": "minecraft:golden_horse_armor", "type": "minecraft:item"}, {"name": "minecraft:diamond_horse_armor", "type": "minecraft:item"}, {"name": "minecraft:diamond_sword", "functions": [{"function": "minecraft:enchant_with_levels", "levels": {"min": 20.0, "max": 39.0, "type": "minecraft:uniform"}, "treasure": true}], "type": "minecraft:item", "weight": 3}, {"name": "minecraft:diamond_boots", "functions": [{"function": "minecraft:enchant_with_levels", "levels": {"min": 20.0, "max": 39.0, "type": "minecraft:uniform"}, "treasure": true}], "type": "minecraft:item", "weight": 3}, {"name": "minecraft:diamond_chestplate", "functions": [{"function": "minecraft:enchant_with_levels", "levels": {"min": 20.0, "max": 39.0, "type": "minecraft:uniform"}, "treasure": true}], "type": "minecraft:item", "weight": 3}, {"name": "minecraft:diamond_leggings", "functions": [{"function": "minecraft:enchant_with_levels", "levels": {"min": 20.0, "max": 39.0, "type": "minecraft:uniform"}, "treasure": true}], "type": "minecraft:item", "weight": 3}, {"name": "minecraft:diamond_helmet", "functions": [{"function": "minecraft:enchant_with_levels", "levels": {"min": 20.0, "max": 39.0, "type": "minecraft:uniform"}, "treasure": true}], "type": "minecraft:item", "weight": 3}, {"name": "minecraft:diamond_pickaxe", "functions": [{"function": "minecraft:enchant_with_levels", "levels": {"min": 20.0, "max": 39.0, "type": "minecraft:uniform"}, "treasure": true}], "type": "minecraft:item", "weight": 3}, {"name": "minecraft:diamond_shovel", "functions": [{"function": "minecraft:enchant_with_levels", "levels": {"min": 20.0, "max": 39.0, "type": "minecraft:uniform"}, "treasure": true}], "type": "minecraft:item", "weight": 3}, {"name": "minecraft:iron_sword", "functions": [{"function": "minecraft:enchant_with_levels", "levels": {"min": 20.0, "max": 39.0, "type": "minecraft:uniform"}, "treasure": true}], "type": "minecraft:item", "weight": 3}, {"name": "minecraft:iron_boots", "functions": [{"function": "minecraft:enchant_with_levels", "levels": {"min": 20.0, "max": 39.0, "type": "minecraft:uniform"}, "treasure": true}], "type": "minecraft:item", "weight": 3}, {"name": "minecraft:iron_chestplate", "functions": [{"function": "minecraft:enchant_with_levels", "levels": {"min": 20.0, "max": 39.0, "type": "minecraft:uniform"}, "treasure": true}], "type": "minecraft:item", "weight": 3}, {"name": "minecraft:iron_leggings", "functions": [{"function": "minecraft:enchant_with_levels", "levels": {"min": 20.0, "max": 39.0, "type": "minecraft:uniform"}, "treasure": true}], "type": "minecraft:item", "weight": 3}, {"name": "minecraft:iron_helmet", "functions": [{"function": "minecraft:enchant_with_levels", "levels": {"min": 20.0, "max": 39.0, "type": "minecraft:uniform"}, "treasure": true}], "type": "minecraft:item", "weight": 3}, {"name": "minecraft:iron_pickaxe", "functions": [{"function": "minecraft:enchant_with_levels", "levels": {"min": 20.0, "max": 39.0, "type": "minecraft:uniform"}, "treasure": true}], "type": "minecraft:item", "weight": 3}, {"name": "minecraft:iron_shovel", "functions": [{"function": "minecraft:enchant_with_levels", "levels": {"min": 20.0, "max": 39.0, "type": "minecraft:uniform"}, "treasure": true}], "type": "minecraft:item", "weight": 3}]}]}