{"type": "minecraft:block", "pools": [{"rolls": 1, "entries": [{"name": "minecraft:melon_seeds", "functions": [{"function": "minecraft:set_count", "count": {"n": 3, "p": 0.06666667, "type": "minecraft:binomial"}}, {"function": "minecraft:set_count", "count": {"n": 3, "p": 0.13333334, "type": "minecraft:binomial"}}, {"function": "minecraft:set_count", "count": {"n": 3, "p": 0.2, "type": "minecraft:binomial"}}, {"function": "minecraft:set_count", "count": {"n": 3, "p": 0.26666668, "type": "minecraft:binomial"}}, {"function": "minecraft:set_count", "count": {"n": 3, "p": 0.33333334, "type": "minecraft:binomial"}}, {"function": "minecraft:set_count", "count": {"n": 3, "p": 0.4, "type": "minecraft:binomial"}}, {"function": "minecraft:set_count", "count": {"n": 3, "p": 0.46666667, "type": "minecraft:binomial"}}, {"function": "minecraft:set_count", "count": {"n": 3, "p": 0.53333336, "type": "minecraft:binomial"}}], "type": "minecraft:item"}], "functions": [{"function": "minecraft:explosion_decay"}]}]}