{"type": "minecraft:block", "pools": [{"rolls": {"min": 1, "max": 5, "type": "minecraft:uniform"}, "entries": [{"name": "minecraft:emerald", "type": "minecraft:item"}, {"name": "minecraft:arrow", "functions": [{"function": "minecraft:set_count", "count": {"min": 1.0, "max": 3.0, "type": "minecraft:uniform"}}], "type": "minecraft:item", "weight": 2}, {"name": "minecraft:feather", "functions": [{"function": "minecraft:set_count", "count": {"min": 1.0, "max": 3.0, "type": "minecraft:uniform"}}], "type": "minecraft:item", "weight": 6}, {"name": "minecraft:egg", "functions": [{"function": "minecraft:set_count", "count": {"min": 1.0, "max": 3.0, "type": "minecraft:uniform"}}], "type": "minecraft:item", "weight": 2}, {"name": "minecraft:flint", "functions": [{"function": "minecraft:set_count", "count": {"min": 1.0, "max": 3.0, "type": "minecraft:uniform"}}], "type": "minecraft:item", "weight": 6}, {"name": "minecraft:stick", "functions": [{"function": "minecraft:set_count", "count": {"min": 1.0, "max": 3.0, "type": "minecraft:uniform"}}], "type": "minecraft:item", "weight": 6}]}]}