{"type": "minecraft:block", "pools": [{"rolls": 1, "entries": [{"name": "minecraft:golden_apple", "type": "minecraft:item", "weight": 20}, {"name": "minecraft:enchanted_golden_apple", "type": "minecraft:item"}, {"name": "minecraft:name_tag", "type": "minecraft:item", "weight": 30}, {"name": "minecraft:book", "functions": [{"function": "minecraft:enchant_randomly"}], "type": "minecraft:item", "weight": 10}, {"name": "minecraft:iron_pickaxe", "type": "minecraft:item", "weight": 5}, {"type": "minecraft:empty", "weight": 5}]}, {"rolls": {"min": 2, "max": 4, "type": "minecraft:uniform"}, "entries": [{"name": "minecraft:iron_ingot", "functions": [{"function": "minecraft:set_count", "count": {"min": 1.0, "max": 5.0, "type": "minecraft:uniform"}}], "type": "minecraft:item", "weight": 10}, {"name": "minecraft:gold_ingot", "functions": [{"function": "minecraft:set_count", "count": {"min": 1.0, "max": 3.0, "type": "minecraft:uniform"}}], "type": "minecraft:item", "weight": 5}, {"name": "minecraft:redstone", "functions": [{"function": "minecraft:set_count", "count": {"min": 4.0, "max": 9.0, "type": "minecraft:uniform"}}], "type": "minecraft:item", "weight": 5}, {"name": "minecraft:lapis_lazuli", "functions": [{"function": "minecraft:set_count", "count": {"min": 4.0, "max": 9.0, "type": "minecraft:uniform"}}], "type": "minecraft:item", "weight": 5}, {"name": "minecraft:diamond", "functions": [{"function": "minecraft:set_count", "count": {"min": 1.0, "max": 2.0, "type": "minecraft:uniform"}}], "type": "minecraft:item", "weight": 3}, {"name": "minecraft:coal", "functions": [{"function": "minecraft:set_count", "count": {"min": 3.0, "max": 8.0, "type": "minecraft:uniform"}}], "type": "minecraft:item", "weight": 10}, {"name": "minecraft:bread", "functions": [{"function": "minecraft:set_count", "count": {"min": 1.0, "max": 3.0, "type": "minecraft:uniform"}}], "type": "minecraft:item", "weight": 15}, {"name": "minecraft:melon_seeds", "functions": [{"function": "minecraft:set_count", "count": {"min": 2.0, "max": 4.0, "type": "minecraft:uniform"}}], "type": "minecraft:item", "weight": 10}, {"name": "minecraft:pumpkin_seeds", "functions": [{"function": "minecraft:set_count", "count": {"min": 2.0, "max": 4.0, "type": "minecraft:uniform"}}], "type": "minecraft:item", "weight": 10}, {"name": "minecraft:beetroot_seeds", "functions": [{"function": "minecraft:set_count", "count": {"min": 2.0, "max": 4.0, "type": "minecraft:uniform"}}], "type": "minecraft:item", "weight": 10}]}, {"rolls": 3, "entries": [{"name": "minecraft:rail", "functions": [{"function": "minecraft:set_count", "count": {"min": 4.0, "max": 8.0, "type": "minecraft:uniform"}}], "type": "minecraft:item", "weight": 20}, {"name": "minecraft:powered_rail", "functions": [{"function": "minecraft:set_count", "count": {"min": 1.0, "max": 4.0, "type": "minecraft:uniform"}}], "type": "minecraft:item", "weight": 5}, {"name": "minecraft:detector_rail", "functions": [{"function": "minecraft:set_count", "count": {"min": 1.0, "max": 4.0, "type": "minecraft:uniform"}}], "type": "minecraft:item", "weight": 5}, {"name": "minecraft:activator_rail", "functions": [{"function": "minecraft:set_count", "count": {"min": 1.0, "max": 4.0, "type": "minecraft:uniform"}}], "type": "minecraft:item", "weight": 5}, {"name": "minecraft:torch", "functions": [{"function": "minecraft:set_count", "count": {"min": 1.0, "max": 16.0, "type": "minecraft:uniform"}}], "type": "minecraft:item", "weight": 15}]}]}