{"type": "minecraft:block", "pools": [{"rolls": {"min": 0, "max": 1, "type": "minecraft:uniform"}, "entries": [{"name": "minecraft:crossbow", "type": "minecraft:item"}]}, {"rolls": {"min": 2, "max": 3, "type": "minecraft:uniform"}, "entries": [{"name": "minecraft:wheat", "functions": [{"function": "minecraft:set_count", "count": {"min": 3.0, "max": 5.0, "type": "minecraft:uniform"}}], "type": "minecraft:item", "weight": 7}, {"name": "minecraft:potato", "functions": [{"function": "minecraft:set_count", "count": {"min": 2.0, "max": 5.0, "type": "minecraft:uniform"}}], "type": "minecraft:item", "weight": 5}, {"name": "minecraft:carrot", "functions": [{"function": "minecraft:set_count", "count": {"min": 3.0, "max": 5.0, "type": "minecraft:uniform"}}], "type": "minecraft:item", "weight": 5}]}, {"rolls": {"min": 1, "max": 3, "type": "minecraft:uniform"}, "entries": [{"name": "minecraft:dark_oak_log", "functions": [{"function": "minecraft:set_count", "count": {"min": 2.0, "max": 3.0, "type": "minecraft:uniform"}}], "type": "minecraft:item"}]}, {"rolls": {"min": 2, "max": 3, "type": "minecraft:uniform"}, "entries": [{"name": "minecraft:experience_bottle", "type": "minecraft:item", "weight": 7}, {"name": "minecraft:string", "functions": [{"function": "minecraft:set_count", "count": {"min": 1.0, "max": 6.0, "type": "minecraft:uniform"}}], "type": "minecraft:item", "weight": 4}, {"name": "minecraft:arrow", "functions": [{"function": "minecraft:set_count", "count": {"min": 2.0, "max": 7.0, "type": "minecraft:uniform"}}], "type": "minecraft:item", "weight": 4}, {"name": "minecraft:tripwire_hook", "functions": [{"function": "minecraft:set_count", "count": {"min": 1.0, "max": 3.0, "type": "minecraft:uniform"}}], "type": "minecraft:item", "weight": 3}, {"name": "minecraft:iron_ingot", "functions": [{"function": "minecraft:set_count", "count": {"min": 1.0, "max": 3.0, "type": "minecraft:uniform"}}], "type": "minecraft:item", "weight": 3}, {"name": "minecraft:book", "functions": [{"function": "minecraft:enchant_randomly"}], "type": "minecraft:item"}]}]}