{"type": "minecraft:block", "pools": [{"rolls": {"min": 2, "max": 4, "type": "minecraft:uniform"}, "entries": [{"name": "minecraft:diamond", "functions": [{"function": "minecraft:set_count", "count": {"min": 1.0, "max": 3.0, "type": "minecraft:uniform"}}], "type": "minecraft:item", "weight": 5}, {"name": "minecraft:iron_ingot", "functions": [{"function": "minecraft:set_count", "count": {"min": 1.0, "max": 5.0, "type": "minecraft:uniform"}}], "type": "minecraft:item", "weight": 15}, {"name": "minecraft:gold_ingot", "functions": [{"function": "minecraft:set_count", "count": {"min": 2.0, "max": 7.0, "type": "minecraft:uniform"}}], "type": "minecraft:item", "weight": 15}, {"name": "minecraft:emerald", "functions": [{"function": "minecraft:set_count", "count": {"min": 1.0, "max": 3.0, "type": "minecraft:uniform"}}], "type": "minecraft:item", "weight": 15}, {"name": "minecraft:bone", "functions": [{"function": "minecraft:set_count", "count": {"min": 4.0, "max": 6.0, "type": "minecraft:uniform"}}], "type": "minecraft:item", "weight": 25}, {"name": "minecraft:spider_eye", "functions": [{"function": "minecraft:set_count", "count": {"min": 1.0, "max": 3.0, "type": "minecraft:uniform"}}], "type": "minecraft:item", "weight": 25}, {"name": "minecraft:rotten_flesh", "functions": [{"function": "minecraft:set_count", "count": {"min": 3.0, "max": 7.0, "type": "minecraft:uniform"}}], "type": "minecraft:item", "weight": 25}, {"name": "minecraft:saddle", "type": "minecraft:item", "weight": 20}, {"name": "minecraft:iron_horse_armor", "type": "minecraft:item", "weight": 15}, {"name": "minecraft:golden_horse_armor", "type": "minecraft:item", "weight": 10}, {"name": "minecraft:diamond_horse_armor", "type": "minecraft:item", "weight": 5}, {"name": "minecraft:book", "functions": [{"function": "minecraft:enchant_randomly"}], "type": "minecraft:item", "weight": 20}, {"name": "minecraft:golden_apple", "type": "minecraft:item", "weight": 20}, {"name": "minecraft:enchanted_golden_apple", "type": "minecraft:item", "weight": 2}, {"type": "minecraft:empty", "weight": 15}]}, {"rolls": 4, "entries": [{"name": "minecraft:bone", "functions": [{"function": "minecraft:set_count", "count": {"min": 1.0, "max": 8.0, "type": "minecraft:uniform"}}], "type": "minecraft:item", "weight": 10}, {"name": "minecraft:gunpowder", "functions": [{"function": "minecraft:set_count", "count": {"min": 1.0, "max": 8.0, "type": "minecraft:uniform"}}], "type": "minecraft:item", "weight": 10}, {"name": "minecraft:rotten_flesh", "functions": [{"function": "minecraft:set_count", "count": {"min": 1.0, "max": 8.0, "type": "minecraft:uniform"}}], "type": "minecraft:item", "weight": 10}, {"name": "minecraft:string", "functions": [{"function": "minecraft:set_count", "count": {"min": 1.0, "max": 8.0, "type": "minecraft:uniform"}}], "type": "minecraft:item", "weight": 10}, {"name": "minecraft:sand", "functions": [{"function": "minecraft:set_count", "count": {"min": 1.0, "max": 8.0, "type": "minecraft:uniform"}}], "type": "minecraft:item", "weight": 10}]}]}