{"type": "minecraft:block", "pools": [{"rolls": 1, "entries": [{"name": "minecraft:lily_pad", "type": "minecraft:item"}, {"name": "minecraft:name_tag", "type": "minecraft:item"}, {"name": "minecraft:saddle", "type": "minecraft:item"}, {"name": "minecraft:bow", "functions": [{"function": "minecraft:set_damage", "damage": {"min": 0.0, "max": 0.25}}, {"function": "minecraft:enchant_with_levels", "levels": 30, "treasure": true}], "type": "minecraft:item"}, {"name": "minecraft:fishing_rod", "functions": [{"function": "minecraft:set_damage", "damage": {"min": 0.0, "max": 0.25}}, {"function": "minecraft:enchant_with_levels", "levels": 30, "treasure": true}], "type": "minecraft:item"}, {"name": "minecraft:book", "functions": [{"function": "minecraft:enchant_with_levels", "levels": 30, "treasure": true}], "type": "minecraft:item"}, {"name": "minecraft:nautilus_shell", "type": "minecraft:item"}]}]}