{"type": "minecraft:block", "pools": [{"rolls": {"min": 2, "max": 8, "type": "minecraft:uniform"}, "entries": [{"name": "minecraft:coal", "functions": [{"function": "minecraft:set_count", "count": {"min": 1.0, "max": 4.0, "type": "minecraft:uniform"}}], "type": "minecraft:item", "weight": 10}, {"name": "minecraft:gold_nugget", "functions": [{"function": "minecraft:set_count", "count": {"min": 1.0, "max": 3.0, "type": "minecraft:uniform"}}], "type": "minecraft:item", "weight": 10}, {"name": "minecraft:emerald", "type": "minecraft:item"}, {"name": "minecraft:wheat", "functions": [{"function": "minecraft:set_count", "count": {"min": 2.0, "max": 3.0, "type": "minecraft:uniform"}}], "type": "minecraft:item", "weight": 10}]}, {"rolls": 1, "entries": [{"name": "minecraft:golden_apple", "type": "minecraft:item"}, {"name": "minecraft:book", "functions": [{"function": "minecraft:enchant_randomly"}], "type": "minecraft:item", "weight": 5}, {"name": "minecraft:leather_chestplate", "type": "minecraft:item"}, {"name": "minecraft:golden_helmet", "type": "minecraft:item"}, {"name": "minecraft:fishing_rod", "functions": [{"function": "minecraft:enchant_randomly"}], "type": "minecraft:item", "weight": 5}, {"name": "minecraft:map", "functions": [{"function": "minecraft:exploration_map", "destination": "buried_treasure", "decoration": "red_x", "zoom": 1, "skip_existing_chunks": false}], "type": "minecraft:item", "weight": 10}]}]}