{"type": "minecraft:block", "pools": [{"rolls": 1, "entries": [{"children": [{"name": "minecraft:dark_oak_leaves", "type": "minecraft:item"}, {"name": "minecraft:dark_oak_sapling", "type": "minecraft:item"}], "type": "minecraft:group"}]}, {"rolls": 1, "entries": [{"name": "minecraft:stick", "functions": [{"function": "minecraft:set_count", "count": {"min": 1.0, "max": 2.0, "type": "minecraft:uniform"}}, {"function": "minecraft:explosion_decay"}], "type": "minecraft:item"}]}, {"rolls": 1, "entries": [{"name": "minecraft:apple", "type": "minecraft:item"}]}]}