{"type": "minecraft:block", "pools": [{"rolls": 1, "entries": [{"children": [{"name": "minecraft:diamond_ore", "conditions": [{"predicate": {"enchantments": [{"enchantment": "minecraft:silk_touch", "levels": {"min": 1}}]}, "condition": "minecraft:match_tool"}], "type": "minecraft:item"}, {"name": "minecraft:diamond", "functions": [{"function": "minecraft:apply_bonus", "enchantment": "minecraft:fortune", "formula": "minecraft:ore_drops"}, {"function": "minecraft:explosion_decay"}], "type": "minecraft:item"}], "type": "minecraft:alternatives"}]}]}