{"type": "minecraft:block", "pools": [{"rolls": 1, "entries": [{"name": "minecraft:potato", "type": "minecraft:item"}]}, {"conditions": [{"predicate": {"enchantments": [{"enchantment": "minecraft:silk_touch", "levels": {"min": 1}}]}, "condition": "minecraft:match_tool"}], "rolls": 1, "entries": [{"name": "minecraft:potato", "functions": [{"function": "minecraft:apply_bonus", "enchantment": "minecraft:fortune", "formula": "minecraft:binomial_with_bonus_count", "parameters": {"extra": 3, "probability": 0.5714286}}], "type": "minecraft:item"}]}, {"conditions": [{"predicate": {"enchantments": [{"enchantment": "minecraft:silk_touch", "levels": {"min": 1}}]}, "condition": "minecraft:match_tool"}], "rolls": 1, "entries": [{"name": "minecraft:poisonous_potato", "conditions": [{"condition": "minecraft:random_chance", "chance": 0.02}], "type": "minecraft:item"}]}], "functions": [{"function": "minecraft:explosion_decay"}]}