{"type": "minecraft:block", "pools": [{"rolls": 1, "entries": [{"children": [{"name": "minecraft:fern", "conditions": [{"predicate": {"item": "minecraft:shears"}, "condition": "minecraft:match_tool"}], "type": "minecraft:item"}, {"name": "minecraft:wheat_seeds", "functions": [{"function": "minecraft:apply_bonus", "enchantment": "minecraft:fortune", "formula": "minecraft:uniform_bonus_count", "parameters": {"bonusMultiplier": 2}}, {"function": "minecraft:explosion_decay"}], "conditions": [{"condition": "minecraft:random_chance", "chance": 0.125}], "type": "minecraft:item"}], "type": "minecraft:alternatives"}]}]}