{"type": "minecraft:block", "pools": [{"conditions": [{"block": "minecraft:jungle_slab", "properties": {"type": "double"}, "condition": "minecraft:block_state_property"}], "rolls": 1, "entries": [{"name": "minecraft:sweet_berries", "type": "minecraft:item"}], "functions": [{"function": "minecraft:set_count", "count": {"min": 2.0, "max": 3.0, "type": "minecraft:uniform"}}, {"function": "minecraft:apply_bonus", "enchantment": "minecraft:fortune", "formula": "minecraft:uniform_bonus_count", "parameters": {"bonusMultiplier": 1}}]}, {"conditions": [{"block": "minecraft:jungle_slab", "properties": {"type": "double"}, "condition": "minecraft:block_state_property"}], "rolls": 1, "entries": [{"name": "minecraft:sweet_berries", "type": "minecraft:item"}], "functions": [{"function": "minecraft:set_count", "count": {"min": 1.0, "max": 2.0, "type": "minecraft:uniform"}}, {"function": "minecraft:apply_bonus", "enchantment": "minecraft:fortune", "formula": "minecraft:uniform_bonus_count", "parameters": {"bonusMultiplier": 1}}]}], "functions": [{"function": "minecraft:explosion_decay"}]}