{"type": "minecraft:block", "pools": [{"rolls": {"min": 1, "max": 3, "type": "minecraft:uniform"}, "entries": [{"name": "minecraft:glowstone_dust", "functions": [{"function": "minecraft:set_count", "count": {"min": 0.0, "max": 2.0, "type": "minecraft:uniform"}}, {"function": "minecraft:looting_enchant", "count": {"min": 0.0, "max": 1.0}}], "type": "minecraft:item"}, {"name": "minecraft:sugar", "functions": [{"function": "minecraft:set_count", "count": {"min": 0.0, "max": 2.0, "type": "minecraft:uniform"}}, {"function": "minecraft:looting_enchant", "count": {"min": 0.0, "max": 1.0}}], "type": "minecraft:item"}, {"name": "minecraft:redstone", "functions": [{"function": "minecraft:set_count", "count": {"min": 0.0, "max": 2.0, "type": "minecraft:uniform"}}, {"function": "minecraft:looting_enchant", "count": {"min": 0.0, "max": 1.0}}], "type": "minecraft:item"}, {"name": "minecraft:spider_eye", "functions": [{"function": "minecraft:set_count", "count": {"min": 0.0, "max": 2.0, "type": "minecraft:uniform"}}, {"function": "minecraft:looting_enchant", "count": {"min": 0.0, "max": 1.0}}], "type": "minecraft:item"}, {"name": "minecraft:glass_bottle", "functions": [{"function": "minecraft:set_count", "count": {"min": 0.0, "max": 2.0, "type": "minecraft:uniform"}}, {"function": "minecraft:looting_enchant", "count": {"min": 0.0, "max": 1.0}}], "type": "minecraft:item"}, {"name": "minecraft:gunpowder", "functions": [{"function": "minecraft:set_count", "count": {"min": 0.0, "max": 2.0, "type": "minecraft:uniform"}}, {"function": "minecraft:looting_enchant", "count": {"min": 0.0, "max": 1.0}}], "type": "minecraft:item"}, {"name": "minecraft:stick", "functions": [{"function": "minecraft:set_count", "count": {"min": 0.0, "max": 2.0, "type": "minecraft:uniform"}}, {"function": "minecraft:looting_enchant", "count": {"min": 0.0, "max": 1.0}}], "type": "minecraft:item", "weight": 2}]}]}