{"type": "minecraft:block", "pools": [{"rolls": {"min": 2, "max": 6, "type": "minecraft:uniform"}, "entries": [{"name": "minecraft:diamond", "functions": [{"function": "minecraft:set_count", "count": {"min": 1.0, "max": 3.0, "type": "minecraft:uniform"}}], "type": "minecraft:item", "weight": 3}, {"name": "minecraft:iron_ingot", "functions": [{"function": "minecraft:set_count", "count": {"min": 1.0, "max": 5.0, "type": "minecraft:uniform"}}], "type": "minecraft:item", "weight": 10}, {"name": "minecraft:gold_ingot", "functions": [{"function": "minecraft:set_count", "count": {"min": 2.0, "max": 7.0, "type": "minecraft:uniform"}}], "type": "minecraft:item", "weight": 15}, {"name": "minecraft:bamboo", "functions": [{"function": "minecraft:set_count", "count": {"min": 1.0, "max": 3.0, "type": "minecraft:uniform"}}], "type": "minecraft:item", "weight": 15}, {"name": "minecraft:emerald", "functions": [{"function": "minecraft:set_count", "count": {"min": 1.0, "max": 3.0, "type": "minecraft:uniform"}}], "type": "minecraft:item", "weight": 2}, {"name": "minecraft:bone", "functions": [{"function": "minecraft:set_count", "count": {"min": 4.0, "max": 6.0, "type": "minecraft:uniform"}}], "type": "minecraft:item", "weight": 20}, {"name": "minecraft:rotten_flesh", "functions": [{"function": "minecraft:set_count", "count": {"min": 3.0, "max": 7.0, "type": "minecraft:uniform"}}], "type": "minecraft:item", "weight": 16}, {"name": "minecraft:saddle", "type": "minecraft:item", "weight": 3}, {"name": "minecraft:iron_horse_armor", "type": "minecraft:item"}, {"name": "minecraft:golden_horse_armor", "type": "minecraft:item"}, {"name": "minecraft:diamond_horse_armor", "type": "minecraft:item"}, {"name": "minecraft:book", "functions": [{"function": "minecraft:enchant_with_levels", "levels": 30, "treasure": true}], "type": "minecraft:item"}]}]}