{"type": "minecraft:block", "pools": [{"rolls": {"min": 1, "max": 5, "type": "minecraft:uniform"}, "entries": [{"name": "minecraft:emerald", "type": "minecraft:item"}, {"name": "minecraft:porkchop", "functions": [{"function": "minecraft:set_count", "count": {"min": 1.0, "max": 3.0, "type": "minecraft:uniform"}}], "type": "minecraft:item", "weight": 6}, {"name": "minecraft:wheat", "functions": [{"function": "minecraft:set_count", "count": {"min": 1.0, "max": 3.0, "type": "minecraft:uniform"}}], "type": "minecraft:item", "weight": 6}, {"name": "minecraft:beef", "functions": [{"function": "minecraft:set_count", "count": {"min": 1.0, "max": 3.0, "type": "minecraft:uniform"}}], "type": "minecraft:item", "weight": 6}, {"name": "minecraft:mutton", "functions": [{"function": "minecraft:set_count", "count": {"min": 1.0, "max": 3.0, "type": "minecraft:uniform"}}], "type": "minecraft:item", "weight": 6}, {"name": "minecraft:coal", "functions": [{"function": "minecraft:set_count", "count": {"min": 1.0, "max": 3.0, "type": "minecraft:uniform"}}], "type": "minecraft:item", "weight": 3}]}]}