{"type": "minecraft:block", "pools": [{"rolls": 1, "entries": [{"name": "minecraft:prismarine_shard", "functions": [{"function": "minecraft:set_count", "count": {"min": 0.0, "max": 2.0, "type": "minecraft:uniform"}}, {"function": "minecraft:looting_enchant", "count": {"min": 0.0, "max": 1.0}}], "type": "minecraft:item"}]}, {"rolls": 1, "entries": [{"name": "minecraft:cod", "functions": [{"function": "minecraft:looting_enchant", "count": {"min": 0.0, "max": 1.0}}, {"function": "minecraft:furnace_smelt", "conditions": [{"condition": "minecraft:survives_explosion"}]}], "type": "minecraft:item", "weight": 2}, {"name": "minecraft:prismarine_crystals", "functions": [{"function": "minecraft:looting_enchant", "count": {"min": 0.0, "max": 1.0}}], "type": "minecraft:item", "weight": 2}, {"type": "minecraft:empty"}]}, {"conditions": [{"condition": "minecraft:survives_explosion"}, {"condition": "minecraft:random_chance_with_looting", "chance": 0.025, "looting_multiplier": 0.01}], "rolls": 1, "entries": [{"name": "minecraft:gameplay/fishing/fish", "type": "minecraft:loot_table"}]}]}