{"type": "minecraft:block", "pools": [{"rolls": 1, "entries": [{"name": "minecraft:seagrass", "functions": [{"function": "minecraft:set_count", "count": {"min": 0.0, "max": 2.0, "type": "minecraft:uniform"}}, {"function": "minecraft:looting_enchant", "count": {"min": 0.0, "max": 1.0}}], "type": "minecraft:item", "weight": 3}]}, {"conditions": [{"block": "minecraft:red_bed", "properties": {"part": "head"}, "condition": "minecraft:block_state_property"}], "rolls": 1, "entries": [{"name": "minecraft:bowl", "type": "minecraft:item"}]}]}